Stations,AC,ACO,AMA,AMF,AMFGA,AMFVA,AML,AMRI,APD,APDA,APDO,APG,ASB,ASD,ASDM,ASDWPL,ASHD,ASS,ASSP,ASW,AWH,AWHVG,BD,BH,BHV,BKL,BKLA,BLL,BLOA,BN,BNV,BNVA,BOT,BRD,BRDA,BRDVA,BRGND,BRGRO,BRN,BRNA,BRPPD,BSMZ,BV,BVHC,CL,CPS,CRAO,CRAW,DDM,DGRW,DLD,DMN,DMNZ,DRH,DV,DVC,DVGE,ERP,GD,GDG,GDM,GPDA,GZ,HBTH,HDL,HGL,HGLO,HLM,HLMS,HMLA,HMLBA,HON,HSAL,HT,HTDA,HTN,HTNC,HVL,HVS,HVSM,HWZB,KFH,KFHAN,KFHAZ,KV,LEK,MBTWAN,MBTWAZ,MDA,MDO,MDSA,MVT,NDB,NWK,ODS,ODZ,OZBM,PS,RHEINE,RLB,RSN,RTA,RTB,RTD,RTN,RTNG,RTNGO,RTNGW,RTST,RTZ,RWHV,SALZBERGEN,SBG,SDN,SPA,SPTN,SPTZ,STO,TB,TBGE,TBI,TBR,TBU,TWL,UT,UTLN,UTO,UTOA,UTVR,UTZA,VGA,VSPA,VTBR,WD,WDN,WGMO,WGMW,WP,ZBM
AC,0,1,29,45,29,29,142,144,88,69,91,251,5,15,11,14,4,19,12,,16,16,115,148,33,12,12,37,22,151,44,44,64,82,54,54,50,49,38,23,52,26,44,32,42,60,14,13,7,12,36,14,9,42,103,107,81,67,47,44,50,6,105,148,62,151,153,34,33,20,18,122,161,72,68,32,33,51,31,30,26,57,56,56,8,38,50,51,36,37,6,75,25,56,12,162,57,60,167,78,129,61,72,71,66,49,48,49,76,75,57,161,161,26,83,41,39,50,94,80,119,99,95,98,24,28,27,21,25,25,72,5,6,31,137,7,9,16,59
ACO,1,0,28,29,28,28,114,115,67,68,70,172,5,13,11,15,4,17,10,,17,17,76,148,22,11,11,29,21,120,44,43,64,55,54,54,49,48,21,22,51,12,32,33,39,45,13,12,7,13,23,8,7,30,80,84,81,67,34,33,47,7,76,148,61,123,125,27,25,19,17,98,161,68,67,29,31,34,14,13,21,56,55,55,7,37,49,50,36,37,7,75,12,42,13,133,56,59,167,53,104,46,52,52,50,48,47,49,53,52,56,161,161,25,82,30,29,49,79,79,118,77,78,76,22,25,20,20,23,24,71,6,6,21,110,8,10,6,55
AMA,29,28,0,2,1,0,92,92,43,44,46,166,33,40,37,42,31,44,35,,44,44,73,125,10,24,24,57,13,97,17,17,78,63,63,63,50,41,8,7,55,18,60,61,24,56,16,18,32,39,7,34,33,58,57,60,58,84,46,44,30,30,69,125,45,99,101,55,53,28,26,75,138,51,50,18,19,8,14,15,49,63,63,63,24,22,31,33,49,50,31,93,20,54,39,109,39,72,143,63,82,59,64,65,64,61,60,62,63,63,68,138,138,4,59,58,57,24,68,68,92,68,68,52,18,17,16,16,17,17,54,33,27,32,88,33,36,28,38
AMF,45,29,2,0,2,2,97,99,43,42,46,206,42,45,41,43,43,49,40,,45,45,112,123,12,33,26,67,15,106,16,15,80,88,65,65,52,42,9,8,57,21,74,62,39,66,17,19,33,40,9,38,38,72,58,62,56,86,53,50,47,31,102,123,46,106,108,64,63,30,28,77,136,69,51,29,30,6,16,17,56,65,65,65,25,24,32,34,51,52,32,95,22,62,40,117,40,74,141,84,84,67,78,77,72,63,62,64,82,81,70,136,136,5,57,71,69,22,91,69,92,96,92,53,21,25,18,18,22,19,55,35,28,37,92,34,37,31,56
AMFGA,29,28,1,2,0,1,91,92,42,43,45,165,33,39,37,42,31,43,35,,44,44,74,124,11,25,25,56,13,96,17,16,78,64,64,64,51,42,7,7,56,18,59,61,25,57,16,17,32,38,8,34,33,58,56,60,57,84,47,45,31,30,70,124,46,99,101,55,53,28,27,74,137,52,51,19,20,7,14,15,48,64,64,64,24,23,33,34,49,50,31,94,19,55,39,109,40,73,142,64,81,59,65,66,64,62,61,63,64,64,69,137,137,4,58,58,57,23,69,69,93,69,69,52,18,18,16,17,18,18,55,33,27,32,87,33,36,27,39
AMFVA,29,28,0,2,1,0,92,92,43,44,46,166,33,40,37,42,31,44,35,,44,44,73,125,10,24,24,57,13,97,17,17,78,63,63,63,50,41,8,7,55,18,60,61,24,56,16,18,32,39,7,34,33,58,57,60,58,84,46,44,30,30,69,125,45,99,101,55,53,28,26,75,138,51,50,18,19,8,14,15,49,63,63,63,24,22,31,33,49,50,31,93,20,54,39,109,39,72,143,63,82,59,64,65,64,61,60,62,63,63,68,138,138,4,59,58,57,24,68,68,92,68,68,52,18,17,16,16,17,17,54,33,27,32,88,33,36,28,38
AML,142,114,92,97,91,92,0,2,54,49,51,185,139,142,138,121,140,146,137,,123,123,189,35,109,130,115,164,105,9,75,75,169,185,154,154,138,126,106,94,144,118,171,138,136,163,102,102,113,118,106,135,135,169,39,35,35,176,150,147,140,112,179,35,117,14,16,161,160,120,118,20,47,146,118,126,127,103,113,114,153,153,153,153,107,108,109,110,141,142,112,185,119,159,118,25,113,164,54,181,13,164,175,174,169,153,152,154,179,178,160,47,47,95,33,168,166,68,168,140,109,173,169,44,118,122,115,108,119,108,121,116,109,134,5,114,117,128,149
AMRI,144,115,92,99,92,92,2,0,56,49,53,187,141,144,140,122,142,148,139,,124,124,191,34,111,132,116,166,105,7,75,76,170,187,154,154,138,126,108,95,144,120,173,139,138,165,102,103,114,119,108,137,137,171,41,37,35,176,152,149,142,113,181,34,117,12,14,163,162,120,119,22,47,148,118,128,129,105,115,116,155,153,154,154,108,108,109,110,141,142,113,186,121,161,119,23,113,164,53,183,15,166,177,176,171,153,152,154,181,180,160,47,47,96,34,170,168,69,170,140,108,175,171,46,120,124,117,109,121,108,121,117,110,136,7,115,117,130,151
APD,88,67,43,43,42,43,54,56,0,1,3,186,85,88,84,77,86,92,83,,79,79,152,82,55,76,67,110,56,63,26,26,120,131,105,105,89,77,52,46,95,64,117,95,82,109,55,55,68,74,52,81,81,115,15,19,15,126,96,93,90,67,142,82,71,63,65,107,106,71,69,34,95,109,73,72,73,49,59,60,99,103,104,104,61,59,61,62,91,92,67,136,65,105,74,74,66,114,100,127,41,110,121,120,115,104,102,104,125,124,110,95,95,46,16,114,112,19,131,95,85,136,132,10,64,68,61,59,65,59,77,71,64,80,49,69,72,74,99
APDA,69,68,44,42,43,44,49,49,1,0,2,138,71,76,73,78,70,80,72,,80,80,107,81,54,68,68,95,56,53,26,27,121,105,106,106,89,77,48,47,95,56,95,96,59,100,55,56,69,75,51,71,71,95,13,17,14,127,90,87,61,67,100,81,71,56,58,93,91,71,70,31,94,74,73,59,59,36,55,55,86,104,105,105,62,59,61,63,92,93,68,137,57,97,75,66,67,115,99,106,38,102,107,108,107,105,103,105,106,106,111,94,94,47,15,95,95,20,95,96,85,98,96,9,61,59,59,60,60,60,77,72,64,76,45,70,73,65,66
APDO,91,70,46,46,45,46,51,53,3,2,0,183,88,91,87,79,89,95,86,,81,81,155,79,58,79,69,113,58,60,28,29,123,134,107,107,91,79,55,49,97,67,120,98,85,112,57,58,71,76,55,84,84,118,12,16,12,129,99,96,93,69,145,79,73,65,67,110,109,73,72,31,92,112,75,75,76,52,62,63,102,106,107,107,63,61,63,65,94,95,70,139,68,108,77,76,69,117,97,130,38,113,124,123,118,106,105,107,128,127,113,92,92,49,14,117,115,22,134,97,86,139,135,7,67,71,64,62,68,61,79,73,66,83,46,71,74,77,102
APG,251,172,166,206,165,166,185,187,186,138,183,0,248,251,247,169,249,255,246,,170,170,318,115,218,239,180,273,176,194,155,155,236,294,225,225,215,207,215,164,220,227,280,176,245,272,165,164,167,168,215,244,244,278,171,175,128,239,259,256,253,167,308,115,206,199,201,270,269,187,186,190,116,275,209,235,236,212,222,223,262,227,226,226,165,188,194,196,208,209,167,245,228,268,168,210,201,232,123,290,188,273,284,283,278,221,219,221,288,287,228,116,116,168,128,277,275,149,297,231,216,302,298,176,227,231,224,179,228,181,213,171,166,243,180,167,168,237,262
ASB,5,5,33,42,33,33,139,141,85,71,88,248,0,10,6,10,1,14,7,,12,12,120,150,38,17,16,32,26,148,48,47,65,87,57,57,54,53,33,26,55,21,39,28,47,65,17,16,4,7,41,9,4,37,100,104,84,68,52,49,55,5,110,150,67,148,150,29,28,23,22,119,163,77,72,37,38,48,26,25,21,59,58,58,10,42,54,55,38,39,4,75,20,61,8,159,61,61,169,83,126,66,77,76,71,50,49,51,81,80,58,163,163,30,85,36,34,53,99,84,123,104,100,95,29,33,32,25,30,30,76,1,7,36,134,4,5,11,64
ASD,15,13,40,45,39,40,142,144,88,76,91,251,10,0,4,2,11,4,5,,4,4,130,154,48,27,24,22,34,151,53,53,69,97,62,62,61,60,36,33,61,24,29,21,57,75,23,22,8,1,48,7,10,27,103,107,88,70,62,59,65,9,120,154,75,151,153,19,18,31,30,122,167,87,80,47,48,51,29,28,11,65,63,63,16,50,62,63,44,45,9,76,23,71,1,162,69,65,173,93,129,76,87,86,81,55,54,55,91,90,63,167,167,37,89,26,24,58,109,91,131,114,110,98,39,43,42,34,40,38,84,7,13,46,137,7,3,14,74
ASDM,11,11,37,41,37,37,138,140,84,73,87,247,6,4,0,5,7,8,1,,7,7,126,151,44,23,22,26,31,147,51,50,68,93,61,61,59,58,32,30,60,20,33,24,53,71,21,19,5,2,44,3,6,31,99,103,85,70,58,55,61,7,116,151,72,147,149,23,22,29,27,118,164,83,78,43,44,47,25,24,15,64,62,62,13,48,59,61,43,44,6,77,19,67,2,158,66,65,170,89,125,72,83,82,77,54,53,55,87,86,62,164,164,35,87,30,28,55,105,89,128,110,106,94,35,39,38,31,36,35,81,5,10,42,133,4,1,10,70
ASDWPL,14,15,42,43,42,42,121,122,77,78,79,169,10,2,5,0,12,2,7,,2,2,89,156,37,26,26,17,36,128,56,55,68,63,62,62,62,62,34,35,62,24,18,19,55,52,26,24,10,3,37,8,9,17,89,93,90,70,43,43,63,12,90,156,76,131,133,16,14,32,31,106,168,83,82,44,46,47,28,27,9,66,64,64,18,52,64,65,44,45,11,76,23,50,3,140,71,65,174,61,112,53,58,58,56,55,54,55,60,59,63,168,168,40,91,17,17,60,93,93,133,91,92,85,37,40,35,35,38,40,86,9,15,34,117,9,6,14,70
ASHD,4,4,31,43,31,31,140,142,86,70,89,249,1,11,7,12,0,15,8,,14,14,119,149,37,16,15,33,24,149,46,46,64,86,56,56,52,51,34,25,54,22,40,30,46,64,15,14,5,9,40,10,5,38,101,105,83,67,51,48,54,5,109,149,65,149,151,30,29,22,20,120,163,76,70,36,37,49,27,26,22,58,57,57,9,41,52,53,37,39,5,75,21,60,9,160,59,61,168,82,127,65,76,75,70,50,49,50,80,79,57,163,163,28,84,37,35,51,98,82,121,103,99,96,28,32,31,24,29,28,74,3,6,35,135,5,7,12,63
ASS,19,17,44,49,43,44,146,148,92,80,95,255,14,4,8,2,15,0,9,,2,2,132,158,52,31,27,18,37,155,58,57,67,93,61,61,61,62,40,37,62,28,25,17,61,79,28,26,12,5,52,11,14,23,107,111,92,68,66,63,69,14,124,158,77,155,157,15,14,33,32,126,171,91,83,51,52,55,33,32,7,65,63,63,20,53,65,66,43,44,13,74,27,75,5,166,72,64,177,89,133,80,83,82,85,54,53,54,87,86,62,171,171,41,94,22,20,62,113,93,134,118,114,102,43,47,46,37,44,41,87,11,17,50,141,11,8,18,78
ASSP,12,10,35,40,35,35,137,139,83,72,86,246,7,5,1,7,8,9,0,,9,9,127,150,45,24,21,27,30,146,49,49,68,94,61,61,58,57,31,29,59,19,34,26,54,72,19,18,3,3,43,2,7,32,98,102,84,71,59,56,62,5,117,150,71,146,148,24,23,28,26,117,163,84,76,44,45,46,24,23,16,64,62,62,11,46,58,59,42,44,4,77,18,68,4,157,65,65,169,90,124,73,84,83,78,54,53,54,88,87,62,163,163,33,86,31,29,54,106,88,127,111,107,93,36,40,39,30,37,34,80,4,8,43,132,2,1,9,71
ASW,,,,,,,,,,,,,,,,,,,,0,,,,,,,,,,,,,,,,,,,,,,,,,,,,,,,,,,,,,,,,,,,,,,,,,,,,,,,,,,,,,,,,,,,,,,,,,,,,,,,,,,,,,,,,,,,,,,,,,,,,,,,,,,,,,,,,,,,,,,,
AWH,16,17,44,45,44,44,123,124,79,80,81,170,12,4,7,2,14,2,9,,0,0,90,157,39,27,28,15,38,130,58,57,68,64,63,63,63,63,37,37,63,26,15,17,57,53,28,26,12,5,40,10,11,15,91,95,92,69,44,44,65,14,91,157,78,133,135,14,12,34,33,108,170,85,84,46,48,49,30,29,7,66,65,65,20,54,66,67,45,46,13,75,25,51,5,142,73,66,176,62,114,54,59,59,57,56,55,56,61,60,63,170,170,42,93,15,15,62,95,94,135,93,94,87,39,42,38,37,40,42,88,11,17,35,119,11,8,17,72
AWHVG,16,17,44,45,44,44,123,124,79,80,81,170,12,4,7,2,14,2,9,,0,0,90,157,39,27,28,15,38,130,58,57,68,64,63,63,63,63,37,37,63,26,15,17,57,53,28,26,12,5,40,10,11,15,91,95,92,69,44,44,65,14,91,157,78,133,135,14,12,34,33,108,170,85,84,46,48,49,30,29,7,66,65,65,20,54,66,67,45,46,13,75,25,51,5,142,73,66,176,62,114,54,59,59,57,56,55,56,61,60,63,170,170,42,93,15,15,62,95,94,135,93,94,87,39,42,38,37,40,42,88,11,17,35,119,11,8,17,72
BD,115,76,73,112,74,73,189,191,152,107,155,318,120,130,126,89,119,132,127,,90,90,0,181,100,103,65,120,64,184,85,84,46,39,35,35,27,32,115,76,27,114,130,99,73,61,77,79,84,87,103,129,124,125,150,154,121,56,74,77,65,83,10,181,37,179,181,117,118,58,59,169,194,43,38,83,82,118,109,110,125,29,31,31,81,51,46,44,47,46,83,66,115,65,87,190,40,42,197,43,176,60,49,50,55,43,43,43,45,46,40,194,194,71,122,124,122,91,21,20,90,16,20,155,91,87,94,62,90,58,36,81,82,90,184,84,85,124,56
BH,148,148,125,123,124,125,35,34,82,81,79,115,150,154,151,156,149,158,150,,157,157,181,0,135,148,148,172,137,28,107,108,201,185,185,185,168,155,128,128,174,136,171,172,138,180,135,136,148,153,132,149,150,172,68,64,67,208,170,168,137,146,173,0,144,25,23,171,169,152,151,50,13,145,144,139,139,117,135,135,164,184,184,184,141,138,138,139,173,174,147,218,136,178,153,15,141,195,19,186,43,182,187,189,187,185,184,186,186,186,191,13,13,128,66,172,172,101,165,166,122,169,166,72,142,140,140,141,141,140,147,151,143,156,39,148,151,144,141
BHV,33,22,10,12,11,10,109,111,55,54,58,218,38,48,44,37,37,52,45,,39,39,100,135,0,21,15,70,3,118,27,27,68,76,54,54,42,34,15,10,46,26,77,55,27,54,13,15,27,34,3,43,42,75,70,74,68,74,41,38,35,26,90,135,43,118,120,67,66,18,16,89,148,57,48,17,18,18,21,22,59,54,54,54,20,18,29,31,39,40,26,83,27,50,34,129,37,63,153,72,96,55,66,65,60,52,50,52,70,69,59,148,148,6,69,74,72,34,79,64,96,84,80,65,9,13,6,6,10,8,52,28,23,25,104,28,31,36,44
BKL,12,11,24,33,25,24,130,132,76,68,79,239,17,27,23,26,16,31,24,,27,27,103,148,21,0,0,49,13,139,42,41,57,70,46,46,39,37,36,21,41,35,56,42,30,48,15,16,18,23,24,26,21,54,91,95,81,62,35,32,38,17,93,148,51,139,141,46,45,8,6,110,162,60,56,20,21,39,30,31,38,47,46,46,15,27,39,40,28,29,18,71,36,44,24,150,45,52,167,66,117,49,60,59,54,41,40,42,64,63,49,162,162,21,83,53,51,48,82,68,109,87,83,86,12,16,15,11,13,15,60,17,16,19,125,19,21,28,47
BKLA,12,11,24,26,25,24,115,116,67,68,69,180,16,24,22,26,15,27,21,,28,28,65,148,15,0,0,36,13,121,42,41,57,46,45,45,39,36,20,21,41,16,41,42,29,37,15,16,19,24,17,20,18,39,80,84,81,62,26,24,37,18,65,148,50,123,125,34,32,8,6,98,162,57,56,19,21,32,14,15,29,47,46,46,16,27,38,39,28,29,18,70,17,34,24,133,45,52,167,45,105,38,44,45,43,41,40,41,44,44,49,162,162,21,83,38,37,48,68,67,109,66,67,76,12,15,11,11,13,15,60,17,16,11,111,19,21,16,44
BLL,37,29,57,67,56,57,164,166,110,95,113,273,32,22,26,17,33,18,27,,15,15,120,172,70,49,36,0,48,173,72,71,62,81,60,60,65,68,58,50,64,46,10,9,79,78,41,40,26,20,70,29,32,5,125,129,106,61,65,68,87,27,130,172,85,173,175,3,4,40,40,144,185,109,91,69,70,73,51,50,11,64,62,62,33,63,74,75,44,44,27,65,45,74,19,184,80,60,191,77,151,79,71,70,75,52,51,52,75,74,58,185,185,54,108,4,2,76,131,98,145,136,132,120,61,65,64,47,62,51,94,23,30,66,159,25,22,36,96
BLOA,22,21,13,15,13,13,105,105,56,56,58,176,26,34,31,36,24,37,30,,38,38,64,137,3,13,13,48,0,110,30,30,65,51,51,51,39,32,13,13,43,16,53,54,20,44,14,16,27,33,6,28,27,51,69,73,70,71,33,31,27,25,62,137,42,112,114,47,45,15,14,88,151,49,48,10,11,21,12,13,41,51,51,51,20,17,29,30,36,37,26,80,18,41,33,122,36,60,156,51,95,46,51,52,51,49,47,49,51,51,56,151,151,9,72,50,49,37,62,62,97,62,62,65,5,6,3,3,5,6,52,27,23,19,101,28,31,23,35
BN,151,120,97,106,96,97,9,7,63,53,60,194,148,151,147,128,149,155,146,,130,130,184,28,118,139,121,173,110,0,80,80,174,193,158,158,141,129,115,100,147,127,180,145,143,172,108,108,120,125,115,144,144,178,48,44,39,180,159,156,135,118,174,28,119,5,7,170,169,125,123,29,41,141,120,135,136,112,122,123,162,157,157,157,113,111,112,113,145,146,119,190,128,168,125,16,116,168,47,190,22,173,184,183,178,158,156,158,188,187,164,41,41,100,38,177,175,73,163,142,106,168,164,53,127,131,124,113,128,113,122,123,116,143,14,120,123,137,144
BNV,44,44,17,16,17,17,75,75,26,26,28,155,48,53,51,56,46,58,49,,58,58,85,107,27,42,42,72,30,80,0,1,94,80,80,80,64,53,22,22,70,32,73,75,35,73,31,32,46,52,25,48,48,73,39,43,40,101,63,61,38,44,79,107,52,82,84,70,68,45,44,57,120,57,55,33,33,10,30,30,63,79,79,79,38,35,40,41,66,67,45,111,33,71,53,92,46,89,125,80,65,75,81,82,80,78,77,79,80,80,85,120,120,21,42,72,72,7,76,76,86,78,76,35,35,33,33,33,34,33,60,48,41,49,71,47,50,42,46
BNVA,44,43,17,15,16,17,75,76,26,27,29,155,47,53,50,55,46,57,49,,57,57,84,108,27,41,41,71,30,80,1,0,94,79,79,79,64,53,22,21,70,32,73,74,35,73,30,31,46,52,24,47,47,72,40,43,41,100,63,61,38,44,79,108,52,83,84,70,67,45,43,58,121,56,55,32,33,9,29,30,63,78,79,79,38,34,39,41,65,66,45,110,33,70,52,93,46,89,126,79,65,75,80,81,80,78,76,78,79,80,84,121,121,20,42,72,71,7,76,76,86,77,76,36,34,33,33,33,34,33,59,48,41,49,71,46,50,41,45
BOT,64,64,78,80,78,78,169,170,120,121,123,236,65,69,68,68,64,67,68,,68,68,46,201,68,57,57,62,65,174,94,94,0,18,17,17,37,50,76,77,30,73,70,70,64,21,72,73,69,69,71,69,67,66,134,137,135,10,32,34,67,69,55,201,68,176,178,60,61,51,52,152,214,72,72,62,62,85,71,72,63,21,19,19,71,63,67,66,29,28,69,20,73,24,69,186,67,6,219,16,159,19,14,13,14,16,18,16,15,15,10,214,214,74,136,65,64,101,65,64,131,59,63,129,60,61,62,62,60,61,73,65,70,46,165,69,68,70,67
BRD,82,55,63,88,64,63,185,187,131,105,134,294,87,97,93,63,86,93,94,,64,64,39,185,76,70,46,81,51,193,80,79,18,0,2,2,19,32,91,64,12,90,91,70,66,22,61,62,61,63,79,96,91,86,146,150,119,27,35,38,58,61,49,185,50,188,190,78,79,39,40,165,198,80,54,75,75,94,85,86,86,4,1,1,61,47,49,49,19,18,61,38,91,26,63,199,49,12,202,4,172,21,10,11,16,10,11,11,6,7,9,198,198,60,121,85,83,86,60,48,114,55,59,141,67,71,70,48,68,47,55,58,61,51,180,61,62,98,67
BRDA,54,54,63,65,64,63,154,154,105,106,107,225,57,62,61,62,56,61,61,,63,63,35,185,54,46,45,60,51,158,80,79,17,2,0,0,20,33,63,63,13,61,68,68,48,10,60,61,60,62,57,60,59,64,119,122,120,26,20,21,50,60,41,185,51,160,162,58,58,38,40,137,199,56,55,47,47,71,59,60,59,6,3,3,60,47,50,50,18,17,60,37,62,12,62,171,50,11,203,1,144,9,7,8,9,9,9,9,3,5,7,199,199,60,121,63,62,86,51,49,115,45,49,114,46,47,48,48,46,47,57,57,60,34,150,61,61,60,50
BRDVA,54,54,63,65,64,63,154,154,105,106,107,225,57,62,61,62,56,61,61,,63,63,35,185,54,46,45,60,51,158,80,79,17,2,0,0,20,33,63,63,13,61,68,68,48,10,60,61,60,62,57,60,59,64,119,122,120,26,20,21,50,60,41,185,51,160,162,58,58,38,40,137,199,56,55,47,47,71,59,60,59,6,3,3,60,47,50,50,18,17,60,37,62,12,62,171,50,11,203,1,144,9,7,8,9,9,9,9,3,5,7,199,199,60,121,63,62,86,51,49,115,45,49,114,46,47,48,48,46,47,57,57,60,34,150,61,61,60,50
BRGND,50,49,50,52,51,50,138,138,89,89,91,215,54,61,59,62,52,61,58,,63,63,27,168,42,39,39,65,39,141,64,64,37,19,20,20,0,13,52,52,7,53,72,73,30,21,51,53,57,60,44,57,56,69,103,106,103,46,22,21,31,56,29,168,32,143,145,63,62,31,32,120,181,36,36,32,32,57,50,51,61,16,18,18,54,30,31,30,22,22,56,57,54,20,60,153,31,31,185,21,127,23,25,26,26,25,24,25,22,23,27,181,181,47,105,68,66,71,35,34,96,31,34,98,34,34,37,36,34,34,37,54,55,28,134,57,58,55,30
BRGRO,49,48,41,42,42,41,126,126,77,77,79,207,53,60,58,62,51,62,57,,63,63,32,155,34,37,36,68,32,129,53,53,50,32,33,33,13,0,44,44,20,48,75,76,18,32,46,48,55,60,36,56,54,72,91,94,91,59,29,27,18,54,29,155,20,130,132,66,65,29,31,108,168,25,25,24,22,47,44,45,63,29,31,31,51,19,18,17,31,31,54,70,50,31,60,141,18,44,172,34,115,34,37,39,39,37,35,37,35,36,40,168,168,39,92,71,69,60,32,31,84,30,31,86,28,26,31,30,27,27,27,53,52,28,122,56,58,52,17
BRN,38,21,8,9,7,8,106,108,52,48,55,215,33,36,32,34,34,40,31,,37,37,115,128,15,36,20,58,13,115,22,22,76,91,63,63,52,44,0,1,56,12,65,53,42,69,9,10,25,31,12,29,29,63,67,71,61,82,56,53,50,23,105,128,52,115,117,55,54,26,24,86,141,72,57,32,33,15,7,8,47,64,63,63,17,27,38,39,47,48,23,91,13,65,31,126,45,71,147,87,93,70,81,80,75,60,59,61,85,84,67,141,141,7,62,62,60,28,94,73,100,99,95,62,24,28,21,16,25,18,61,26,20,40,101,25,29,22,59
BRNA,23,22,7,8,7,7,94,95,46,47,49,164,26,33,30,35,25,37,29,,37,37,76,128,10,21,21,50,13,100,22,21,77,64,63,63,52,44,1,0,56,11,53,54,29,56,10,11,25,32,8,27,27,52,60,63,60,82,45,43,36,24,73,128,51,103,104,49,47,26,24,78,141,57,56,21,22,12,8,9,42,64,63,63,17,27,37,39,47,49,24,91,13,53,32,112,45,71,146,63,85,58,63,64,62,60,59,61,63,63,68,141,141,6,62,52,51,27,73,73,99,73,73,55,18,18,15,16,18,18,60,27,20,30,90,26,30,21,44
BRPPD,52,51,55,57,56,55,144,144,95,95,97,220,55,61,60,62,54,62,59,,63,63,27,174,46,41,41,64,43,147,70,70,30,12,13,13,7,20,56,56,0,56,72,72,36,16,55,56,58,61,49,59,57,68,109,112,109,40,20,20,38,58,31,174,38,149,151,62,61,33,35,126,187,42,42,37,37,62,53,54,61,9,11,11,57,36,37,37,20,19,58,50,57,16,61,160,37,24,191,14,133,18,19,20,21,19,18,20,16,17,21,187,187,52,111,67,65,77,39,38,102,34,38,104,38,38,41,40,38,38,43,56,57,30,140,59,60,57,37
BSMZ,26,12,18,21,18,18,118,120,64,56,67,227,21,24,20,24,22,28,19,,26,26,114,136,26,35,16,46,16,127,32,32,73,90,61,61,53,48,12,11,56,0,53,43,41,68,2,0,14,21,24,17,17,51,79,83,69,77,55,52,49,12,104,136,58,127,129,43,42,23,21,98,149,71,64,31,32,27,5,4,35,63,62,62,6,33,45,46,44,45,13,85,1,64,21,138,52,68,155,86,105,69,80,79,74,57,56,57,84,83,65,149,149,16,70,50,48,37,93,78,110,98,94,74,23,27,20,18,24,22,68,16,9,39,113,15,18,10,58
BV,44,32,60,74,59,60,171,173,117,95,120,280,39,29,33,18,40,25,34,,15,15,130,171,77,56,41,10,53,180,73,73,70,91,68,68,72,75,65,53,72,53,0,1,86,88,43,42,27,21,77,36,39,5,132,136,106,69,75,78,94,29,140,171,91,180,182,13,14,46,46,151,184,116,97,76,77,80,58,57,21,73,71,71,35,68,80,81,52,53,29,73,52,84,21,191,86,69,190,87,158,89,81,80,85,60,59,60,85,84,67,184,184,57,108,6,8,77,138,105,150,143,139,127,68,72,71,52,69,56,101,26,33,75,166,27,23,43,103
BVHC,32,33,61,62,61,61,138,139,95,96,98,176,28,21,24,19,30,17,26,,17,17,99,172,55,42,42,9,54,145,75,74,70,70,68,68,73,76,53,54,72,43,1,0,72,59,45,43,29,22,56,27,27,4,106,110,107,69,52,52,79,31,102,172,92,149,150,10,11,47,46,123,185,99,98,62,64,66,47,45,13,73,71,71,37,69,81,82,52,53,30,72,42,57,22,157,87,68,191,67,129,59,63,63,61,60,60,60,66,65,67,185,185,58,109,5,7,79,107,106,151,104,106,103,54,58,53,53,56,57,101,28,34,47,133,28,25,33,86
CL,42,39,24,39,25,24,136,138,82,59,85,245,47,57,53,55,46,61,54,,57,57,73,138,27,30,29,79,20,143,35,35,64,66,48,48,30,18,42,29,36,41,86,72,0,63,34,35,46,52,30,56,51,84,97,101,73,72,50,47,8,45,63,138,23,138,140,76,75,26,26,116,151,30,28,10,9,45,36,37,68,46,47,47,40,2,9,10,39,39,45,83,42,59,52,149,17,58,155,70,123,64,75,74,69,49,48,49,72,73,54,151,151,23,74,83,81,42,52,44,80,57,53,92,18,14,21,19,17,15,32,46,42,34,131,47,50,51,17
CPS,60,45,56,66,57,56,163,165,109,100,112,272,65,75,71,52,64,79,72,,53,53,61,180,54,48,37,78,44,172,73,73,21,22,10,10,21,32,69,56,16,68,88,59,63,0,52,52,51,52,57,74,69,83,124,128,114,28,13,16,71,51,71,180,52,172,174,75,76,30,32,143,193,93,57,53,54,72,63,64,83,14,12,12,51,43,48,48,9,8,51,39,69,4,52,183,50,16,198,18,150,1,12,11,6,5,4,6,16,15,12,193,193,53,115,82,80,80,82,54,116,77,81,119,45,49,48,40,46,40,58,47,51,29,158,51,51,76,80
CRAO,14,13,16,17,16,16,102,102,55,55,57,165,17,23,21,26,15,28,19,,28,28,77,135,13,15,15,41,14,108,31,30,72,61,60,60,51,46,9,10,55,2,43,45,34,52,0,2,16,22,13,18,17,42,67,71,68,77,41,39,41,14,76,135,56,111,112,39,37,22,20,85,149,62,62,24,26,22,2,1,33,61,61,61,8,31,43,44,43,44,15,85,4,49,23,120,50,67,154,60,92,53,59,60,58,56,55,57,59,59,64,149,149,14,70,42,41,36,77,76,108,76,76,63,18,20,16,16,19,20,66,17,11,26,98,17,20,11,49
CRAW,13,12,18,19,17,18,102,103,55,56,58,164,16,22,19,24,14,26,18,,26,26,79,136,15,16,16,40,16,108,32,31,73,62,61,61,53,48,10,11,56,0,42,43,35,52,2,0,15,21,15,16,16,41,68,72,69,77,41,40,43,13,77,136,58,111,113,38,36,23,21,86,149,64,63,25,27,23,4,3,31,62,62,62,7,33,44,46,44,45,13,85,2,50,21,120,52,68,154,61,92,54,60,61,59,57,56,57,60,60,64,149,149,16,70,41,40,37,78,78,110,78,78,64,20,22,17,17,21,21,67,16,9,27,98,15,19,10,51
DDM,7,7,32,33,32,32,113,114,68,69,71,167,4,8,5,10,5,12,3,,12,12,84,148,27,18,19,26,27,120,46,46,69,61,60,60,57,55,25,25,58,14,27,29,46,51,16,15,0,7,28,2,2,26,80,84,81,71,40,39,54,2,84,148,68,123,125,24,22,26,25,98,161,75,74,36,38,37,18,17,17,63,62,62,8,44,55,57,42,43,1,79,13,48,7,132,63,65,166,60,104,52,57,58,56,54,53,55,59,58,62,161,161,30,83,26,26,51,87,86,123,85,86,77,29,32,27,27,30,31,78,4,5,29,109,1,4,5,62
DGRW,12,13,39,40,38,39,118,119,74,75,76,168,7,1,2,3,9,5,3,,5,5,87,153,34,23,24,20,33,125,52,52,69,63,62,62,60,60,31,32,61,21,21,22,52,52,22,21,7,0,34,5,6,20,86,89,87,71,42,42,60,8,88,153,74,128,130,19,17,30,29,103,166,81,80,42,44,44,25,23,12,65,64,64,15,50,61,63,44,45,8,77,20,50,0,137,68,66,171,61,109,53,59,59,57,55,54,56,60,59,63,166,166,36,88,20,20,57,91,91,130,89,91,82,35,38,33,33,36,37,83,7,12,32,114,6,3,11,68
DLD,36,23,7,9,8,7,106,108,52,51,55,215,41,48,44,37,40,52,43,,40,40,103,132,3,24,17,70,6,115,25,24,71,79,57,57,44,36,12,8,49,24,77,56,30,57,13,15,28,34,0,41,41,75,67,71,65,77,44,41,38,26,93,132,44,115,117,67,66,20,19,86,145,60,49,20,21,15,19,20,59,57,57,57,20,19,30,32,42,43,27,86,25,53,35,126,38,65,150,75,93,58,69,68,63,54,53,55,73,72,61,145,145,4,66,74,72,31,82,65,96,87,83,62,12,16,9,9,13,10,53,28,23,28,101,29,32,34,47
DMN,14,8,34,38,34,34,135,137,81,71,84,244,9,7,3,8,10,11,2,,10,10,129,149,43,26,20,29,28,144,48,47,69,96,60,60,57,56,29,27,59,17,36,27,56,74,18,16,2,5,41,0,9,34,96,100,83,71,61,58,64,4,119,149,70,144,146,26,25,27,26,115,162,86,75,46,47,44,22,21,18,63,62,62,10,45,57,58,42,43,3,78,16,70,5,155,64,65,168,92,122,75,86,85,80,54,53,55,90,89,62,162,162,32,84,33,31,52,108,87,125,113,109,91,38,42,37,28,39,32,79,3,7,45,130,1,2,7,73
DMNZ,9,7,33,38,33,33,135,137,81,71,84,244,4,10,6,9,5,14,7,,11,11,124,150,42,21,18,32,27,144,48,47,67,91,59,59,56,54,29,27,57,17,39,27,51,69,17,16,2,6,41,9,0,37,96,100,83,69,56,53,59,4,114,150,68,144,146,29,28,25,24,115,163,81,74,41,42,44,22,21,21,61,60,60,10,44,56,57,40,42,3,76,16,65,6,155,63,63,169,87,122,70,81,80,75,52,51,53,85,84,60,163,163,31,85,36,34,53,103,86,124,108,104,91,33,37,36,27,34,31,78,2,7,40,130,2,3,7,68
DRH,42,30,58,72,58,58,169,171,115,95,118,278,37,27,31,17,38,23,32,,15,15,125,172,75,54,39,5,51,178,73,72,66,86,64,64,69,72,63,52,68,51,5,4,84,83,42,41,26,20,75,34,37,0,130,134,106,65,70,73,92,28,135,172,88,178,180,8,9,43,43,149,185,114,94,74,75,78,56,55,16,69,67,67,34,66,77,78,48,49,28,69,50,79,20,189,83,64,191,82,156,84,76,75,80,56,55,56,80,79,63,185,185,56,108,1,3,77,136,102,148,141,137,125,66,70,69,49,67,53,98,25,31,71,164,26,22,41,101
DV,103,80,57,58,56,57,39,41,15,13,12,171,100,103,99,89,101,107,98,,91,91,150,68,70,91,80,125,69,48,39,40,134,146,119,119,103,91,67,60,109,79,132,106,97,124,67,68,80,86,67,96,96,130,0,4,1,140,111,108,101,79,140,68,84,53,55,122,121,84,83,19,81,107,86,87,88,64,74,75,114,118,118,118,73,73,74,76,105,106,79,150,80,120,86,64,80,128,87,142,26,125,136,135,130,118,116,118,140,139,124,81,81,60,3,129,127,33,129,108,90,134,130,5,79,83,76,73,80,73,89,83,76,95,34,81,84,89,110
DVC,107,84,60,62,60,60,35,37,19,17,16,175,104,107,103,93,105,111,102,,95,95,154,64,74,95,84,129,73,44,43,43,137,150,122,122,106,94,71,63,112,83,136,110,101,128,71,72,84,89,71,100,100,134,4,0,3,144,115,112,105,82,144,64,86,49,51,126,125,88,87,15,78,111,88,91,92,68,78,79,118,121,121,121,77,76,77,79,109,110,83,154,84,124,90,60,82,132,83,146,22,129,140,139,134,121,120,122,144,143,128,78,78,64,1,133,131,36,133,110,90,138,134,9,83,87,80,76,84,76,91,87,80,99,30,85,88,93,114
DVGE,81,81,58,56,57,58,35,35,15,14,12,128,84,88,85,90,83,92,84,,92,92,121,67,68,81,81,106,70,39,40,41,135,119,120,120,103,91,61,60,109,69,106,107,73,114,68,69,81,87,65,83,83,106,1,3,0,141,104,101,74,79,114,67,85,42,44,105,103,85,84,17,80,87,86,73,73,50,68,68,98,118,119,119,74,73,75,77,106,107,80,151,69,111,87,52,80,129,86,120,24,116,121,122,121,119,117,119,120,120,125,80,80,61,2,106,106,34,108,108,90,111,109,5,75,73,73,74,74,74,90,84,77,89,31,82,85,77,80
ERP,67,67,84,86,84,84,176,176,126,127,129,239,68,70,70,70,67,68,71,,69,69,56,208,74,62,62,61,71,180,101,100,10,27,26,26,46,59,82,82,40,77,69,69,72,28,77,77,71,71,77,71,69,65,140,144,141,0,38,40,76,72,65,208,77,183,185,60,60,56,58,158,221,82,82,69,70,92,76,76,64,31,29,29,74,71,76,75,35,34,72,11,78,31,70,193,76,15,226,25,166,26,22,20,21,23,25,23,24,23,19,221,221,80,143,64,62,108,75,74,141,69,73,136,66,68,68,68,67,68,82,68,73,52,172,71,70,73,76
GD,47,34,46,53,47,46,150,152,96,90,99,259,52,62,58,43,51,66,59,,44,44,74,170,41,35,26,65,33,159,63,63,32,35,20,20,22,29,56,45,20,55,75,52,50,13,41,41,40,42,44,61,56,70,111,115,104,38,0,3,58,40,84,170,49,159,161,62,63,19,21,130,184,80,54,40,41,59,50,51,70,23,21,21,40,35,42,42,3,4,40,48,56,9,42,170,45,27,188,31,137,14,25,24,19,15,14,16,29,28,23,184,184,43,105,69,67,70,95,56,113,90,94,106,32,36,35,30,33,30,56,37,40,16,145,41,41,63,67
GDG,44,33,44,50,45,44,147,149,93,87,96,256,49,59,55,43,48,63,56,,44,44,77,168,38,32,24,68,31,156,61,61,34,38,21,21,21,27,53,43,20,52,78,52,47,16,39,40,39,42,41,58,53,73,108,112,101,40,3,0,55,39,87,168,47,156,158,65,66,17,19,127,181,77,52,37,38,56,47,48,70,23,22,22,39,32,40,40,5,6,39,50,53,12,42,167,43,29,186,34,134,17,28,27,22,18,16,18,32,31,25,181,181,41,103,72,70,68,98,55,111,93,97,103,29,33,32,28,30,28,54,36,39,13,142,40,40,60,64
GDM,50,47,30,47,31,30,140,142,90,61,93,253,55,65,61,63,54,69,62,,65,65,65,137,35,38,37,87,27,135,38,38,67,58,50,50,31,18,50,36,38,49,94,79,8,71,41,43,54,60,38,64,59,92,101,105,74,76,58,55,0,53,55,137,15,130,132,84,83,33,33,120,150,22,20,18,17,53,44,45,76,47,48,48,48,10,1,3,44,44,53,86,50,67,60,141,9,61,154,62,127,72,68,69,74,53,51,53,64,65,57,150,150,29,75,91,89,45,44,38,73,49,45,100,26,22,29,27,25,23,25,53,50,42,135,55,58,59,9
GPDA,6,7,30,31,30,30,112,113,67,67,69,167,5,9,7,12,5,14,5,,14,14,83,146,26,17,18,27,25,118,44,44,69,61,60,60,56,54,23,24,58,12,29,31,45,51,14,13,2,8,26,4,4,28,79,82,79,72,40,39,53,0,83,146,67,122,123,26,24,25,24,96,159,73,72,34,36,35,16,15,19,63,62,62,6,42,54,55,42,43,1,79,11,48,9,131,61,65,165,60,103,52,58,58,56,54,53,55,59,58,62,159,159,28,81,28,28,49,85,85,122,84,85,75,27,30,25,25,29,30,76,5,3,28,107,3,6,3,60
GZ,105,76,69,102,70,69,179,181,142,100,145,308,110,120,116,90,109,124,117,,91,91,10,173,90,93,65,130,62,174,79,79,55,49,41,41,29,29,105,73,31,104,140,102,63,71,76,77,84,88,93,119,114,135,140,144,114,65,84,87,55,83,0,173,29,169,171,127,128,58,59,159,185,33,29,73,72,108,99,100,131,35,38,38,80,47,40,38,51,50,83,75,105,75,88,180,34,50,188,53,166,70,59,60,65,49,49,49,55,56,48,185,185,67,115,134,132,85,11,10,80,6,10,145,81,77,84,60,80,56,27,82,81,97,174,84,86,114,46
HBTH,148,148,125,123,124,125,35,34,82,81,79,115,150,154,151,156,149,158,150,,157,157,181,0,135,148,148,172,137,28,107,108,201,185,185,185,168,155,128,128,174,136,171,172,138,180,135,136,148,153,132,149,150,172,68,64,67,208,170,168,137,146,173,0,144,25,23,171,169,152,151,50,13,145,144,139,139,117,135,135,164,184,184,184,141,138,138,139,173,174,147,218,136,178,153,15,141,195,19,186,43,182,187,189,187,185,184,186,186,186,191,13,13,128,66,172,172,101,165,166,122,169,166,72,142,140,140,141,141,140,147,151,143,156,39,148,151,144,141
HDL,62,61,45,46,46,45,117,117,71,71,73,206,67,75,72,76,65,77,71,,78,78,37,144,43,51,50,85,42,119,52,52,68,50,51,51,32,20,52,51,38,58,91,92,23,52,56,58,68,74,44,70,68,88,84,86,85,77,49,47,15,67,29,144,0,120,122,83,82,45,46,100,157,6,6,33,31,49,54,55,79,47,49,49,63,25,14,12,50,50,67,88,60,50,74,130,6,62,160,52,107,54,56,58,58,56,55,56,53,55,59,157,157,45,85,88,86,57,24,24,65,26,25,80,40,37,42,42,38,37,9,67,64,45,114,69,72,65,7
HGL,151,123,99,106,99,99,14,12,63,56,65,199,148,151,147,131,149,155,146,,133,133,179,25,118,139,123,173,112,5,82,83,176,188,160,160,143,130,115,103,149,127,180,149,138,172,111,111,123,128,115,144,144,178,53,49,42,183,159,156,130,122,169,25,120,0,2,170,169,127,126,34,38,136,120,135,136,112,122,123,162,158,159,159,116,113,113,114,148,149,122,193,128,168,129,11,117,170,44,190,27,173,184,183,178,160,158,160,188,187,166,38,38,103,41,177,175,76,158,142,104,163,159,58,127,131,124,116,128,115,123,126,119,143,19,124,127,137,139
HGLO,153,125,101,108,101,101,16,14,65,58,67,201,150,153,149,133,151,157,148,,135,135,181,23,120,141,125,175,114,7,84,84,178,190,162,162,145,132,117,104,151,129,182,150,140,174,112,113,125,130,117,146,146,180,55,51,44,185,161,158,132,123,171,23,122,2,0,172,171,129,128,36,37,138,122,137,138,114,124,125,164,160,161,161,118,115,115,116,149,150,124,194,130,170,130,9,118,172,42,192,29,175,186,185,180,162,160,162,190,189,168,37,37,105,42,179,177,77,160,144,105,165,161,60,129,133,126,117,130,117,125,128,121,145,21,125,128,139,141
HLM,34,27,55,64,55,55,161,163,107,93,110,270,29,19,23,16,30,15,24,,14,14,117,171,67,46,34,3,47,170,70,70,60,78,58,58,63,66,55,49,62,43,13,10,76,75,39,38,24,19,67,26,29,8,122,126,105,60,62,65,84,26,127,171,83,170,172,0,1,38,38,141,184,106,89,66,67,70,48,47,8,63,60,60,32,61,72,73,42,43,25,64,42,71,19,181,78,59,190,74,148,76,68,67,72,50,49,50,72,71,57,184,184,52,107,7,5,75,128,96,143,133,129,117,58,62,61,45,59,49,92,22,29,63,156,24,21,33,93
HLMS,33,25,53,63,53,53,160,162,106,91,109,269,28,18,22,14,29,14,23,,12,12,118,169,66,45,32,4,45,169,68,67,61,79,58,58,62,65,54,47,61,42,14,11,75,76,37,36,22,17,66,25,28,9,121,125,103,60,63,66,83,24,128,169,82,169,171,1,0,36,36,140,182,105,87,65,66,69,47,46,7,62,60,60,30,59,70,71,41,42,23,65,41,72,16,180,77,59,188,75,147,77,69,68,73,50,49,50,73,72,57,182,182,50,105,8,6,73,127,95,141,132,128,116,57,61,60,43,58,47,91,20,27,64,155,21,18,32,92
HMLA,20,19,28,30,28,28,120,120,71,71,73,187,23,31,29,32,22,33,28,,34,34,58,152,18,8,8,40,15,125,45,45,51,39,38,38,31,29,26,26,33,23,46,47,26,30,22,23,26,30,20,27,25,43,84,88,85,56,19,17,33,25,58,152,45,127,129,38,36,0,2,102,166,52,51,17,19,36,21,21,34,39,39,39,23,23,34,35,21,23,26,66,24,27,31,137,40,46,171,38,110,32,37,38,37,35,33,35,37,37,42,166,166,24,87,42,41,52,61,61,106,59,60,80,11,14,12,12,12,13,54,24,24,4,116,27,28,24,39
HMLBA,18,17,26,28,27,26,118,119,69,70,72,186,22,30,27,31,20,32,26,,33,33,59,151,16,6,6,40,14,123,44,43,52,40,40,40,32,31,24,24,35,21,46,46,26,32,20,21,25,29,19,26,24,43,83,87,84,58,21,19,33,24,59,151,46,126,128,38,36,2,0,101,164,52,52,17,18,34,19,20,34,41,41,41,22,23,34,35,23,24,24,67,23,29,29,136,41,47,169,40,108,34,39,40,38,36,35,37,39,39,44,164,164,23,85,42,41,50,62,62,106,60,61,79,10,13,11,10,11,13,55,23,22,6,114,25,27,23,40
HON,122,98,75,77,74,75,20,22,34,31,31,190,119,122,118,106,120,126,117,,108,108,169,50,89,110,98,144,88,29,57,58,152,165,137,137,120,108,86,78,126,98,151,123,116,143,85,86,98,103,86,115,115,149,19,15,17,158,130,127,120,96,159,50,100,34,36,141,140,102,101,0,63,126,101,106,107,83,93,94,133,135,136,136,91,90,91,93,123,124,97,168,99,139,103,45,96,146,69,161,7,144,155,154,149,136,134,136,159,158,142,63,63,78,16,148,146,51,148,123,96,153,149,24,98,102,95,91,99,91,104,101,93,114,15,98,101,108,129
HSAL,161,161,138,136,137,138,47,47,95,94,92,116,163,167,164,168,163,171,163,,170,170,194,13,148,162,162,185,151,41,120,121,214,198,199,199,181,168,141,141,187,149,184,185,151,193,149,149,161,166,145,162,163,185,81,78,80,221,184,181,150,159,185,13,157,38,37,184,182,166,164,63,0,157,157,152,152,130,148,148,177,197,197,197,154,152,151,152,186,187,160,231,149,191,166,28,154,209,8,199,57,195,200,202,200,198,197,199,199,199,204,0,0,141,79,185,185,114,177,178,132,182,179,86,155,153,153,154,154,153,159,164,157,170,52,161,164,157,154
HT,72,68,51,69,52,51,146,148,109,74,112,275,77,87,83,83,76,91,84,,85,85,43,145,57,60,57,109,49,141,57,56,72,80,56,56,36,25,72,57,42,71,116,99,30,93,62,64,75,81,60,86,81,114,107,111,87,82,80,77,22,73,33,145,6,136,138,106,105,52,52,126,157,0,1,40,39,75,66,67,98,51,53,53,69,31,20,19,56,56,74,92,72,89,81,147,12,66,160,84,133,94,90,91,96,61,60,61,86,87,63,157,157,51,88,113,111,62,22,21,60,27,23,112,48,44,51,48,47,44,3,74,71,64,141,75,78,81,13
HTDA,68,67,50,51,51,50,118,118,73,73,75,209,72,80,78,82,70,83,76,,84,84,38,144,48,56,56,91,48,120,55,55,72,54,55,55,36,25,57,56,42,64,97,98,28,57,62,63,74,80,49,75,74,94,86,88,86,82,54,52,20,72,29,144,6,120,122,89,87,51,52,101,157,1,0,38,36,53,59,60,85,51,53,53,68,30,19,18,56,56,73,92,65,55,80,131,11,66,160,56,108,58,61,62,62,61,60,61,58,59,63,157,157,50,87,93,92,61,21,22,60,25,23,81,45,42,47,47,44,43,4,73,70,51,115,75,77,70,12
HTN,32,29,18,29,19,18,126,128,72,59,75,235,37,47,43,44,36,51,44,,46,46,83,139,17,20,19,69,10,135,33,32,62,75,47,47,32,24,32,21,37,31,76,62,10,53,24,25,36,42,20,46,41,74,87,91,73,69,40,37,18,34,73,139,33,135,137,66,65,17,17,106,152,40,38,0,1,35,26,27,58,46,46,46,30,8,20,21,34,35,35,79,32,49,42,146,27,56,157,71,113,54,65,64,59,46,45,46,69,68,52,152,152,15,74,73,71,40,62,53,90,67,63,82,8,4,11,9,7,5,42,35,32,24,121,37,39,41,27
HTNC,33,31,19,30,20,19,127,129,73,59,76,236,38,48,44,46,37,52,45,,48,48,82,139,18,21,21,70,11,136,33,33,62,75,47,47,32,22,33,22,37,32,77,64,9,54,26,27,38,44,21,47,42,75,88,92,73,70,41,38,17,36,72,139,31,136,138,67,66,19,18,107,152,39,36,1,0,36,27,28,59,46,46,46,32,6,18,19,35,36,37,80,33,50,44,147,25,57,157,72,114,55,66,65,60,46,45,47,70,69,52,152,152,16,74,74,72,40,61,51,88,66,62,83,9,5,12,11,8,7,40,37,34,25,122,39,41,42,26
HVL,51,34,8,6,7,8,103,105,49,36,52,212,48,51,47,47,49,55,46,,49,49,118,117,18,39,32,73,21,112,10,9,85,94,71,71,57,47,15,12,62,27,80,66,45,72,22,23,37,44,15,44,44,78,64,68,50,92,59,56,53,35,108,117,49,112,114,70,69,36,34,83,130,75,53,35,36,0,22,23,62,70,71,71,29,28,35,37,56,58,36,101,28,68,44,123,43,80,135,90,90,73,84,83,78,69,68,70,88,87,76,130,130,11,51,77,75,16,97,72,90,102,98,59,27,31,24,24,28,24,57,39,32,43,98,38,41,37,62
HVS,31,14,14,16,14,14,113,115,59,55,62,222,26,29,25,28,27,33,24,,30,30,109,135,21,30,14,51,12,122,30,29,71,85,59,59,50,44,7,8,53,5,58,47,36,63,2,4,18,25,19,22,22,56,74,78,68,76,50,47,44,16,99,135,54,122,124,48,47,21,19,93,148,66,59,26,27,22,0,1,40,60,60,60,10,29,40,42,42,43,17,85,6,59,25,133,48,66,153,81,100,64,75,74,69,55,54,56,79,78,63,148,148,12,69,55,53,35,88,74,106,93,89,69,18,22,15,14,19,17,63,19,13,34,108,19,22,15,53
HVSM,30,13,15,17,15,15,114,116,60,55,63,223,25,28,24,27,26,32,23,,29,29,110,135,22,31,15,50,13,123,30,30,72,86,60,60,51,45,8,9,54,4,57,45,37,64,1,3,17,23,20,21,21,55,75,79,68,76,51,48,45,15,100,135,55,123,125,47,46,21,20,94,148,67,60,27,28,23,1,0,39,61,60,60,9,30,41,43,43,44,16,85,5,60,24,134,49,67,154,82,101,65,76,75,70,56,54,56,80,79,63,148,148,13,70,54,52,36,89,75,107,94,90,70,19,23,16,15,20,19,64,18,12,35,109,18,21,14,54
HWZB,26,21,49,56,48,49,153,155,99,86,102,262,21,11,15,9,22,7,16,,7,7,125,164,59,38,29,11,41,162,63,63,63,86,59,59,61,63,47,42,61,35,21,13,68,83,33,31,17,12,59,18,21,16,114,118,98,64,70,70,76,19,131,164,79,162,164,8,7,34,34,133,177,98,85,58,59,62,40,39,0,63,61,61,25,56,68,69,42,43,18,69,34,79,11,173,74,61,183,82,140,84,76,75,80,51,51,52,80,79,59,177,177,46,100,15,13,68,120,94,138,125,121,109,50,54,53,40,51,44,89,15,22,57,148,17,13,25,85
KFH,57,56,63,65,64,63,153,153,103,104,106,227,59,65,64,66,58,65,64,,66,66,29,184,54,47,47,64,51,157,79,78,21,4,6,6,16,29,64,64,9,63,73,73,46,14,61,62,63,65,57,63,61,69,118,121,118,31,23,23,47,63,35,184,47,158,160,63,62,39,41,135,197,51,51,46,46,70,60,61,63,0,3,3,62,45,47,46,22,20,63,42,64,16,65,169,46,16,201,7,142,14,13,14,15,15,14,15,9,10,13,197,197,60,120,68,66,85,45,44,110,39,43,113,46,46,48,48,46,46,51,60,62,35,149,63,64,62,46
KFHAN,56,55,63,65,64,63,153,154,104,105,107,226,58,63,62,64,57,63,62,,65,65,31,184,54,46,46,62,51,157,79,79,19,1,3,3,18,31,63,63,11,62,71,71,47,12,61,62,62,64,57,62,60,67,118,121,119,29,21,22,48,62,38,184,49,159,161,60,60,39,41,136,197,53,53,46,46,71,60,60,61,3,0,0,61,46,48,48,20,19,62,39,63,14,64,170,48,13,202,5,143,12,10,11,12,12,12,12,6,8,10,197,197,60,120,65,64,86,48,46,112,42,46,114,46,46,48,48,46,46,54,58,61,35,150,62,62,61,48
KFHAZ,56,55,63,65,64,63,153,154,104,105,107,226,58,63,62,64,57,63,62,,65,65,31,184,54,46,46,62,51,157,79,79,19,1,3,3,18,31,63,63,11,62,71,71,47,12,61,62,62,64,57,62,60,67,118,121,119,29,21,22,48,62,38,184,49,159,161,60,60,39,41,136,197,53,53,46,46,71,60,60,61,3,0,0,61,46,48,48,20,19,62,39,63,14,64,170,48,13,202,5,143,12,10,11,12,12,12,12,6,8,10,197,197,60,120,65,64,86,48,46,112,42,46,114,46,46,48,48,46,46,54,58,61,35,150,62,62,61,48
KV,8,7,24,25,24,24,107,108,61,62,63,165,10,16,13,18,9,20,11,,20,20,81,141,20,15,16,33,20,113,38,38,71,61,60,60,54,51,17,17,57,6,35,37,40,51,8,7,8,15,20,10,10,34,73,77,74,74,40,39,48,6,80,141,63,116,118,32,30,23,22,91,154,69,68,30,32,29,10,9,25,62,61,61,0,38,49,50,42,44,7,82,5,49,15,126,57,66,160,60,97,53,58,59,57,55,54,56,59,59,63,154,154,22,76,34,34,43,82,82,116,81,81,69,23,26,21,21,24,25,72,10,3,27,103,9,12,3,56
LEK,38,37,22,24,23,22,108,108,59,59,61,188,42,50,48,52,41,53,46,,54,54,51,138,18,27,27,63,17,111,35,34,63,47,47,47,30,19,27,27,36,33,68,69,2,43,31,33,44,50,19,45,44,66,73,76,73,71,35,32,10,42,47,138,25,113,115,61,59,23,23,90,152,31,30,8,6,28,29,30,56,45,46,46,38,0,12,13,37,38,43,81,35,40,50,124,19,57,156,47,97,45,50,51,50,48,46,48,48,48,53,152,152,21,75,65,64,41,46,46,83,46,46,68,15,12,17,17,14,13,34,43,40,25,104,45,47,40,18
MBTWAN,50,49,31,32,33,31,109,109,61,61,63,194,54,62,59,64,52,65,58,,66,66,46,138,29,39,38,74,29,112,40,39,67,49,50,50,31,18,38,37,37,45,80,81,9,48,43,44,55,61,30,57,56,77,74,77,75,76,42,40,1,54,40,138,14,113,115,72,70,34,34,91,151,20,19,20,18,35,40,41,68,47,48,48,49,12,0,2,44,45,54,86,46,46,62,124,8,61,155,51,98,50,54,55,55,53,51,53,52,52,57,151,151,31,76,76,75,46,37,37,72,38,37,70,27,24,29,29,25,24,23,55,51,35,105,56,59,52,7
MBTWAZ,51,50,33,34,34,33,110,110,62,63,65,196,55,63,61,65,53,66,59,,67,67,44,139,31,40,39,75,30,113,41,41,66,49,50,50,30,17,39,39,37,46,81,82,10,48,44,46,57,63,32,58,57,78,76,79,77,75,42,40,3,55,38,139,12,114,116,73,71,35,35,93,152,19,18,21,19,37,42,43,69,46,48,48,50,13,2,0,44,45,56,86,48,46,63,125,6,60,156,50,100,50,53,55,54,52,51,53,51,52,56,152,152,32,78,77,76,47,35,35,72,36,35,71,28,25,30,30,27,26,22,56,53,36,107,57,60,53,5
MDA,36,36,49,51,49,49,141,141,91,92,94,208,38,44,43,44,37,43,42,,45,45,47,173,39,28,28,44,36,145,66,65,29,19,18,18,22,31,47,47,20,44,52,52,39,9,43,44,42,44,42,42,40,48,105,109,106,35,3,5,44,42,51,173,50,148,149,42,41,21,23,123,186,56,56,34,35,56,42,43,42,22,20,20,42,37,44,44,0,1,42,45,45,6,44,158,47,24,191,18,130,11,16,17,15,13,12,14,17,16,21,186,186,45,108,47,45,72,58,57,115,54,56,101,31,33,33,32,32,33,58,39,42,17,137,42,42,42,47
MDO,37,37,50,52,50,50,142,142,92,93,95,209,39,45,44,45,39,44,44,,46,46,46,174,40,29,29,44,37,146,67,66,28,18,17,17,22,31,48,49,19,45,53,53,39,8,44,45,43,45,43,43,42,49,106,110,107,34,4,6,44,43,50,174,50,149,150,43,42,23,24,124,187,56,56,35,36,58,43,44,43,20,19,19,44,38,45,45,1,0,43,44,46,5,45,159,47,23,192,16,131,9,15,16,14,12,11,12,16,15,19,187,187,46,109,48,46,74,57,56,115,53,56,102,32,34,34,34,33,34,58,40,43,18,138,43,44,43,47
MDSA,6,7,31,32,31,31,112,113,67,68,70,167,4,9,6,11,5,13,4,,13,13,83,147,26,18,18,27,26,119,45,45,69,61,60,60,56,54,23,24,58,13,29,30,45,51,15,13,1,8,27,3,3,28,79,83,80,72,40,39,53,1,83,147,67,122,124,25,23,26,24,97,160,74,73,35,37,36,17,16,18,63,62,62,7,43,54,56,42,43,0,79,12,48,8,131,62,65,165,59,103,52,58,58,56,54,53,55,59,58,62,160,160,29,82,27,27,50,86,85,122,84,85,75,28,31,26,26,29,30,77,4,4,28,108,2,5,4,61
MVT,75,75,93,95,94,93,185,186,136,137,139,245,75,76,77,76,75,74,77,,75,75,66,218,83,71,70,65,80,190,111,110,20,38,37,37,57,70,91,91,50,85,73,72,83,39,85,85,79,77,86,78,76,69,150,154,151,11,48,50,86,79,75,218,88,193,194,64,65,66,67,168,231,92,92,79,80,101,85,85,69,42,39,39,82,81,86,86,45,44,79,0,86,41,77,203,87,26,236,36,175,37,32,31,32,34,35,33,35,34,30,231,231,90,152,68,66,117,85,84,152,79,83,146,76,78,78,77,77,78,93,75,81,61,181,78,77,80,87
NDB,25,12,20,22,19,20,119,121,65,57,68,228,20,23,19,23,21,27,18,,25,25,115,136,27,36,17,45,18,128,33,33,73,91,62,62,54,50,13,13,57,1,52,42,42,69,4,2,13,20,25,16,16,50,80,84,69,78,56,53,50,11,105,136,60,128,130,42,41,24,23,99,149,72,65,32,33,28,6,5,34,64,63,63,5,35,46,48,45,46,12,86,0,65,20,139,54,69,155,87,106,70,81,80,75,58,56,58,85,84,65,149,149,18,71,49,47,38,94,80,112,99,95,75,24,28,21,19,25,23,69,15,8,40,114,14,17,9,59
NWK,56,42,54,62,55,54,159,161,105,97,108,268,61,71,67,50,60,75,68,,51,51,65,178,50,44,34,74,41,168,71,70,24,26,12,12,20,31,65,53,16,64,84,57,59,4,49,50,48,50,53,70,65,79,120,124,111,31,9,12,67,48,75,178,50,168,170,71,72,27,29,139,191,89,55,49,50,68,59,60,79,16,14,14,49,40,46,46,6,5,48,41,65,0,50,179,48,18,195,22,146,5,16,15,10,7,6,8,20,19,15,191,191,51,112,78,76,78,86,54,115,81,85,115,41,45,44,38,42,38,57,45,48,25,154,49,49,72,76
ODS,12,13,39,40,39,39,118,119,74,75,77,168,8,1,2,3,9,5,4,,5,5,87,153,34,24,24,19,33,125,53,52,69,63,62,62,60,60,31,32,61,21,21,22,52,52,23,21,7,0,35,5,6,20,86,90,87,70,42,42,60,9,88,153,74,129,130,19,16,31,29,103,166,81,80,42,44,44,25,24,11,65,64,64,15,50,62,63,44,45,8,77,20,50,0,138,69,66,172,61,109,53,58,59,57,55,54,55,60,59,63,166,166,37,88,20,20,57,92,91,130,89,91,82,35,38,33,33,36,37,84,7,12,32,114,6,3,12,68
ODZ,162,133,109,117,109,109,25,23,74,66,76,210,159,162,158,140,160,166,157,,142,142,190,15,129,150,133,184,122,16,92,93,186,199,171,171,153,141,126,112,160,138,191,157,149,183,120,120,132,137,126,155,155,189,64,60,52,193,170,167,141,131,180,15,130,11,9,181,180,137,136,45,28,147,131,146,147,123,133,134,173,169,170,170,126,124,124,125,158,159,131,203,139,179,138,0,127,181,34,201,38,184,195,194,189,170,169,171,199,198,176,28,28,113,51,188,186,86,169,153,113,174,170,69,138,142,135,126,139,125,133,135,128,154,30,133,136,148,150
OZBM,57,56,39,40,40,39,113,113,66,67,69,201,61,69,66,71,59,72,65,,73,73,40,141,37,45,45,80,36,116,46,46,67,49,50,50,31,18,45,45,37,52,86,87,17,50,50,52,63,68,38,64,63,83,80,82,80,76,45,43,9,61,34,141,6,117,118,78,77,40,41,96,154,12,11,27,25,43,48,49,74,46,48,48,57,19,8,6,47,47,62,87,54,48,69,127,0,61,158,51,103,52,55,56,56,54,53,55,52,53,58,154,154,39,81,83,81,52,29,30,68,31,30,75,34,31,36,36,33,32,15,62,59,41,110,63,66,59,1
PS,60,59,72,74,73,72,164,164,114,115,117,232,61,65,65,65,61,64,65,,66,66,42,195,63,52,52,60,60,168,89,89,6,12,11,11,31,44,71,71,24,68,69,68,58,16,67,68,65,66,65,65,63,64,128,132,129,15,27,29,61,65,50,195,62,170,172,59,59,46,47,146,209,66,66,56,57,80,66,67,61,16,13,13,66,57,61,60,24,23,65,26,69,18,66,181,61,0,213,10,154,14,8,7,9,11,13,11,10,9,4,209,209,69,131,63,62,96,60,59,126,55,58,124,55,56,57,56,55,56,67,62,66,41,160,65,65,66,61
RHEINE,167,167,143,141,142,143,54,53,100,99,97,123,169,173,170,174,168,177,169,,176,176,197,19,153,167,167,191,156,47,125,126,219,202,203,203,185,172,147,146,191,155,190,191,155,198,154,154,166,171,150,168,169,191,87,83,86,226,188,186,154,165,188,19,160,44,42,190,188,171,169,69,8,160,160,157,157,135,153,154,183,201,202,202,160,156,155,156,191,192,165,236,155,195,172,34,158,213,0,203,62,200,205,206,205,203,201,203,204,204,209,8,8,146,84,191,191,119,180,181,132,185,181,91,160,158,158,159,159,158,162,170,162,175,58,167,170,163,157
RLB,78,53,63,84,64,63,181,183,127,106,130,290,83,93,89,61,82,89,90,,62,62,43,186,72,66,45,77,51,190,80,79,16,4,1,1,21,34,87,63,14,86,87,67,70,18,60,61,60,61,75,92,87,82,142,146,120,25,31,34,62,60,53,186,52,190,192,74,75,38,40,161,199,84,56,71,72,90,81,82,82,7,5,5,60,47,51,50,18,16,59,36,87,22,61,201,51,10,203,0,168,17,6,7,12,7,8,7,2,3,6,199,199,60,121,81,79,86,64,51,116,59,63,137,63,67,66,48,64,47,58,56,59,47,176,60,60,94,71
RSN,129,104,82,84,81,82,13,15,41,38,38,188,126,129,125,112,127,133,124,,114,114,176,43,96,117,105,151,95,22,65,65,159,172,144,144,127,115,93,85,133,105,158,129,123,150,92,92,104,109,93,122,122,156,26,22,24,166,137,134,127,103,166,43,107,27,29,148,147,110,108,7,57,133,108,113,114,90,100,101,140,142,143,143,97,97,98,100,130,131,103,175,106,146,109,38,103,154,62,168,0,151,162,161,156,143,142,143,166,165,149,57,57,85,23,155,153,58,155,130,101,160,156,31,105,109,102,98,106,98,111,107,100,121,8,105,108,115,136
RTA,61,46,59,67,59,59,164,166,110,102,113,273,66,76,72,53,65,80,73,,54,54,60,182,55,49,38,79,46,173,75,75,19,21,9,9,23,34,70,58,18,69,89,59,64,1,53,54,52,53,58,75,70,84,125,129,116,26,14,17,72,52,70,182,54,173,175,76,77,32,34,144,195,94,58,54,55,73,64,65,84,14,12,12,53,45,50,50,11,9,52,37,70,5,53,184,52,14,200,17,151,0,11,10,5,3,1,3,15,14,10,195,195,55,117,83,81,82,81,56,118,76,80,120,46,50,49,43,47,42,60,49,52,30,159,52,52,77,81
RTB,72,52,64,78,65,64,175,177,121,107,124,284,77,87,83,58,76,83,84,,59,59,49,187,66,60,44,71,51,184,81,80,14,10,7,7,25,37,81,63,19,80,81,63,75,12,59,60,57,59,69,86,81,76,136,140,121,22,25,28,68,58,59,187,56,184,186,68,69,37,39,155,200,90,61,65,66,84,75,76,76,13,10,10,58,50,54,53,16,15,58,32,81,16,58,195,55,8,205,6,162,11,0,1,6,3,4,3,4,3,5,200,200,61,122,75,73,87,70,56,121,65,69,131,57,61,60,48,58,47,62,54,58,41,170,58,57,88,77
RTD,71,52,65,77,66,65,174,176,120,108,123,283,76,86,82,58,75,82,83,,59,59,50,189,65,59,45,70,52,183,82,81,13,11,8,8,26,39,80,64,20,79,80,63,74,11,60,61,58,59,68,85,80,75,135,139,122,20,24,27,69,58,60,189,58,183,185,67,68,38,40,154,202,91,62,64,65,83,74,75,75,14,11,11,59,51,55,55,17,16,58,31,80,15,59,194,56,7,206,7,161,10,1,0,5,4,5,3,5,4,4,202,202,62,123,74,72,89,71,57,122,66,70,130,56,60,59,49,57,49,64,54,58,40,169,58,58,87,78
RTN,66,50,64,72,64,64,169,171,115,107,118,278,71,81,77,56,70,85,78,,57,57,55,187,60,54,43,75,51,178,80,80,14,16,9,9,26,39,75,62,21,74,85,61,69,6,58,59,56,57,63,80,75,80,130,134,121,21,19,22,74,56,65,187,58,178,180,72,73,37,38,149,200,96,62,59,60,78,69,70,80,15,12,12,57,50,55,54,15,14,56,32,75,10,57,189,56,9,205,12,156,5,6,5,0,2,4,2,10,9,6,200,200,60,122,79,77,87,76,58,122,71,75,125,51,55,54,47,52,47,64,52,56,35,164,56,56,82,83
RTNG,49,48,61,63,62,61,153,153,104,105,106,221,50,55,54,55,50,54,54,,56,56,43,185,52,41,41,52,49,158,78,78,16,10,9,9,25,37,60,60,19,57,60,60,49,5,56,57,54,55,54,54,52,56,118,121,119,23,15,18,53,54,49,185,56,160,162,50,50,35,36,136,198,61,61,46,46,69,55,56,51,15,12,12,55,48,53,52,13,12,54,34,58,7,55,170,54,11,203,7,143,3,3,4,2,0,1,1,6,5,8,198,198,58,120,55,53,85,58,57,120,53,56,113,44,45,46,45,44,45,62,51,55,30,149,54,54,55,54
RTNGO,48,47,60,62,61,60,152,152,102,103,105,219,49,54,53,54,49,53,53,,55,55,43,184,50,40,40,51,47,156,77,76,18,11,9,9,24,35,59,59,18,56,59,60,48,4,55,56,53,54,53,53,51,55,116,120,117,25,14,16,51,53,49,184,55,158,160,49,49,33,35,134,197,60,60,45,45,68,54,54,51,14,12,12,54,46,51,51,12,11,53,35,56,6,54,169,53,13,201,8,142,1,4,5,4,1,0,2,6,5,9,197,197,57,119,54,53,84,58,56,119,52,56,112,43,44,44,44,43,44,61,50,53,29,148,53,53,53,53
RTNGW,49,49,62,64,63,62,154,154,104,105,107,221,51,55,55,55,50,54,54,,56,56,43,186,52,42,41,52,49,158,79,78,16,11,9,9,25,37,61,61,20,57,60,60,49,6,57,57,55,56,55,55,53,56,118,122,119,23,16,18,53,55,49,186,56,160,162,50,50,35,37,136,199,61,61,46,47,70,56,56,52,15,12,12,56,48,53,53,14,12,55,33,58,8,55,171,55,11,203,7,143,3,3,3,2,1,2,0,6,5,7,199,199,59,120,55,53,86,58,57,121,53,57,114,44,46,46,46,45,46,63,51,55,31,150,55,55,55,54
RTST,76,53,63,82,64,63,179,181,125,106,128,288,81,91,87,60,80,87,88,,61,61,45,186,70,64,44,75,51,188,80,79,15,6,3,3,22,35,85,63,16,84,85,66,72,16,59,60,59,60,73,90,85,80,140,144,120,24,29,32,64,59,55,186,53,188,190,72,73,37,39,159,199,86,58,69,70,88,79,80,80,9,6,6,59,48,52,51,17,16,59,35,85,20,60,199,52,10,204,2,166,15,4,5,10,6,6,6,0,1,5,199,199,60,121,79,77,87,66,52,117,61,65,135,61,65,64,47,62,47,59,55,59,45,174,59,59,92,73
RTZ,75,52,63,81,64,63,178,180,124,106,127,287,80,90,86,59,79,86,87,,60,60,46,186,69,63,44,74,51,187,80,80,15,7,5,5,23,36,84,63,17,83,84,65,73,15,59,60,58,59,72,89,84,79,139,143,120,23,28,31,65,58,56,186,55,187,189,71,72,37,39,158,199,87,59,68,69,87,78,79,79,10,8,8,59,48,52,52,16,15,58,34,84,19,59,198,53,9,204,3,165,14,3,4,9,5,5,5,1,0,5,199,199,60,122,78,76,87,67,54,119,62,66,134,60,64,63,47,61,47,60,55,58,44,173,58,58,91,74
RWHV,57,56,68,70,69,68,160,160,110,111,113,228,58,63,62,63,57,62,62,,63,63,40,191,59,49,49,58,56,164,85,84,10,9,7,7,27,40,67,68,21,65,67,67,54,12,64,64,62,63,61,62,60,63,124,128,125,19,23,25,57,62,48,191,59,166,168,57,57,42,44,142,204,63,63,52,52,76,63,63,59,13,10,10,63,53,57,56,21,19,62,30,65,15,63,176,58,4,209,6,149,10,5,4,6,8,9,7,5,5,0,204,204,65,126,62,60,92,58,56,122,52,56,120,51,52,53,52,51,52,64,58,62,38,156,62,62,62,57
SALZBERGEN,161,161,138,136,137,138,47,47,95,94,92,116,163,167,164,168,163,171,163,,170,170,194,13,148,162,162,185,151,41,120,121,214,198,199,199,181,168,141,141,187,149,184,185,151,193,149,149,161,166,145,162,163,185,81,78,80,221,184,181,150,159,185,13,157,38,37,184,182,166,164,63,0,157,157,152,152,130,148,148,177,197,197,197,154,152,151,152,186,187,160,231,149,191,166,28,154,209,8,199,57,195,200,202,200,198,197,199,199,199,204,0,0,141,79,185,185,114,177,178,132,182,179,86,155,153,153,154,154,153,159,164,157,170,52,161,164,157,154
SBG,161,161,138,136,137,138,47,47,95,94,92,116,163,167,164,168,163,171,163,,170,170,194,13,148,162,162,185,151,41,120,121,214,198,199,199,181,168,141,141,187,149,184,185,151,193,149,149,161,166,145,162,163,185,81,78,80,221,184,181,150,159,185,13,157,38,37,184,182,166,164,63,0,157,157,152,152,130,148,148,177,197,197,197,154,152,151,152,186,187,160,231,149,191,166,28,154,209,8,199,57,195,200,202,200,198,197,199,199,199,204,0,0,141,79,185,185,114,177,178,132,182,179,86,155,153,153,154,154,153,159,164,157,170,52,161,164,157,154
SDN,26,25,4,5,4,4,95,96,46,47,49,168,30,37,35,40,28,41,33,,42,42,71,128,6,21,21,54,9,100,21,20,74,60,60,60,47,39,7,6,52,16,57,58,23,53,14,16,30,36,4,32,31,56,60,64,61,80,43,41,29,28,67,128,45,103,105,52,50,24,23,78,141,51,50,15,16,11,12,13,46,60,60,60,22,21,31,32,45,46,29,90,18,51,37,113,39,69,146,60,85,55,61,62,60,58,57,59,60,60,65,141,141,0,62,55,55,27,67,67,94,67,67,56,14,14,12,13,14,14,54,31,25,28,91,31,34,25,38
SPA,83,82,59,57,58,59,33,34,16,15,14,128,85,89,87,91,84,94,86,,93,93,122,66,69,83,83,108,72,38,42,42,136,121,121,121,105,92,62,62,111,70,108,109,74,115,70,70,83,88,66,84,85,108,3,1,2,143,105,103,75,81,115,66,85,41,42,107,105,87,85,16,79,88,87,74,74,51,69,70,100,120,120,120,76,75,76,78,108,109,82,152,71,112,88,51,81,131,84,121,23,117,122,123,122,120,119,120,121,122,126,79,79,62,0,108,108,35,108,109,90,112,110,7,76,75,75,75,76,75,90,86,78,91,30,83,86,79,81
SPTN,41,30,58,71,58,58,168,170,114,95,117,277,36,26,30,17,37,22,31,,15,15,124,172,74,53,38,4,50,177,72,72,65,85,63,63,68,71,62,52,67,50,6,5,83,82,42,41,26,20,74,33,36,1,129,133,106,64,69,72,91,28,134,172,88,177,179,7,8,42,42,148,185,113,93,73,74,77,55,54,15,68,65,65,34,65,76,77,47,48,27,68,49,78,20,188,83,63,191,81,155,83,75,74,79,55,54,55,79,78,62,185,185,55,108,0,2,77,135,101,147,140,136,124,65,69,68,49,66,53,97,25,31,70,163,26,22,40,100
SPTZ,39,29,57,69,57,57,166,168,112,95,115,275,34,24,28,17,35,20,29,,15,15,122,172,72,51,37,2,49,175,72,71,64,83,62,62,66,69,60,51,65,48,8,7,81,80,41,40,26,20,72,31,34,3,127,131,106,62,67,70,89,28,132,172,86,175,177,5,6,41,41,146,185,111,92,71,72,75,53,52,13,66,64,64,34,64,75,76,45,46,27,66,47,76,20,186,81,62,191,79,153,81,73,72,77,53,53,53,77,76,60,185,185,55,108,2,0,77,133,100,146,138,134,122,63,67,66,48,64,52,95,24,31,68,161,25,22,38,98
STO,50,49,24,22,23,24,68,69,19,20,22,149,53,58,55,60,51,62,54,,62,62,91,101,34,48,48,76,37,73,7,7,101,86,86,86,71,60,28,27,77,37,77,79,42,80,36,37,51,57,31,52,53,77,33,36,34,108,70,68,45,49,85,101,57,76,77,75,73,52,50,51,114,62,61,40,40,16,35,36,68,85,86,86,43,41,46,47,72,74,50,117,38,78,57,86,52,96,119,86,58,82,87,89,87,85,84,86,87,87,92,114,114,27,35,77,77,0,81,82,86,83,82,28,41,40,40,40,41,40,65,53,46,56,64,51,55,46,51
TB,94,79,68,91,69,68,168,170,131,95,134,297,99,109,105,93,98,113,106,,95,95,21,165,79,82,68,131,62,163,76,76,65,60,51,51,35,32,94,73,39,93,138,107,52,82,77,78,87,91,82,108,103,136,129,133,108,75,95,98,44,85,11,165,24,158,160,128,127,61,62,148,177,22,21,62,61,97,88,89,120,45,48,48,82,46,37,35,58,57,86,85,94,86,92,169,29,60,180,64,155,81,70,71,76,58,58,58,66,67,58,177,177,67,108,135,133,81,0,2,69,5,1,134,70,66,73,61,69,57,18,85,83,86,163,87,89,103,35
TBGE,80,79,68,69,69,68,140,140,95,96,97,231,84,91,89,93,82,93,88,,94,94,20,166,64,68,67,98,62,142,76,76,64,48,49,49,34,31,73,73,38,78,105,106,44,54,76,78,86,91,65,87,86,102,108,110,108,74,56,55,38,85,10,166,24,142,144,96,95,61,62,123,178,21,22,53,51,72,74,75,94,44,46,46,82,46,37,35,57,56,85,84,80,54,91,153,30,59,181,51,130,56,56,57,58,57,56,57,52,54,56,178,178,67,109,101,100,82,2,0,70,5,1,104,59,56,61,61,57,57,19,84,83,59,137,87,89,83,31
TBI,119,118,92,92,93,92,109,108,85,85,86,216,123,131,128,133,121,134,127,,135,135,90,122,96,109,109,145,97,106,86,86,131,114,115,115,96,84,100,99,102,110,150,151,80,116,108,110,123,130,96,125,124,148,90,90,90,141,113,111,73,122,80,122,65,104,105,143,141,106,106,96,132,60,60,90,88,90,106,107,138,110,112,112,116,83,72,72,115,115,122,152,112,115,130,113,68,126,132,116,101,118,121,122,122,120,119,121,117,119,122,132,132,94,90,147,146,86,69,70,0,75,71,88,97,94,98,98,96,94,58,124,119,107,108,124,127,119,68
TBR,99,77,68,96,69,68,173,175,136,98,139,302,104,114,110,91,103,118,111,,93,93,16,169,84,87,66,136,62,168,78,77,59,55,45,45,31,30,99,73,34,98,143,104,57,77,76,78,85,89,87,113,108,141,134,138,111,69,90,93,49,84,6,169,26,163,165,133,132,59,60,153,182,27,25,67,66,102,93,94,125,39,42,42,81,46,38,36,54,53,84,79,99,81,89,174,31,55,185,59,160,76,65,66,71,53,52,53,61,62,52,182,182,67,112,140,138,83,5,5,75,0,4,139,75,71,78,60,74,56,23,83,82,91,168,85,87,108,40
TBU,95,78,68,92,69,68,169,171,132,96,135,298,100,110,106,92,99,114,107,,94,94,20,166,80,83,67,132,62,164,76,76,63,59,49,49,34,31,95,73,38,94,139,106,53,81,76,78,86,91,83,109,104,137,130,134,109,73,94,97,45,85,10,166,25,159,161,129,128,60,61,149,179,23,23,63,62,98,89,90,121,43,46,46,81,46,37,35,56,56,85,83,95,85,91,170,30,58,181,63,156,80,69,70,75,56,56,57,65,66,56,179,179,67,110,136,134,82,1,1,71,4,0,135,71,67,74,61,70,57,20,84,83,87,164,86,88,104,36
TWL,98,76,52,53,52,52,44,46,10,9,7,176,95,98,94,85,96,102,93,,87,87,155,72,65,86,76,120,65,53,35,36,129,141,114,114,98,86,62,55,104,74,127,103,92,119,63,64,77,82,62,91,91,125,5,9,5,136,106,103,100,75,145,72,80,58,60,117,116,80,79,24,86,112,81,82,83,59,69,70,109,113,114,114,69,68,70,71,101,102,75,146,75,115,82,69,75,124,91,137,31,120,131,130,125,113,112,114,135,134,120,86,86,56,7,124,122,28,134,104,88,139,135,0,74,78,71,68,75,68,85,79,72,90,39,77,80,84,109
UT,24,22,18,21,18,18,118,120,64,61,67,227,29,39,35,37,28,43,36,,39,39,91,142,9,12,12,61,5,127,35,34,60,67,46,46,34,28,24,18,38,23,68,54,18,45,18,20,29,35,12,38,33,66,79,83,75,66,32,29,26,27,81,142,40,127,129,58,57,11,10,98,155,48,45,8,9,27,18,19,50,46,46,46,23,15,27,28,31,32,28,76,24,41,35,138,34,55,160,63,105,46,57,56,51,44,43,44,61,60,51,155,155,14,76,65,63,41,70,59,97,75,71,74,0,4,3,2,1,3,49,28,25,16,113,29,32,33,35
UTLN,28,25,17,25,18,17,122,124,68,59,71,231,33,43,39,40,32,47,40,,42,42,87,140,13,16,15,65,6,131,33,33,61,71,47,47,34,26,28,18,38,27,72,58,14,49,20,22,32,38,16,42,37,70,83,87,73,68,36,33,22,30,77,140,37,131,133,62,61,14,13,102,153,44,42,4,5,31,22,23,54,46,46,46,26,12,24,25,33,34,31,78,28,45,38,142,31,56,158,67,109,50,61,60,55,45,44,46,65,64,52,153,153,14,75,69,67,40,66,56,94,71,67,78,4,0,7,5,3,1,46,31,28,20,117,33,35,37,31
UTO,27,20,16,18,16,16,115,117,61,59,64,224,32,42,38,35,31,46,39,,38,38,94,140,6,15,11,64,3,124,33,33,62,70,48,48,37,31,21,15,41,20,71,53,21,48,16,17,27,33,9,37,36,69,76,80,73,68,35,32,29,25,84,140,42,124,126,61,60,12,11,95,153,51,47,11,12,24,15,16,53,48,48,48,21,17,29,30,33,34,26,78,21,44,33,135,36,57,158,66,102,49,60,59,54,46,44,46,64,63,53,153,153,12,75,68,66,40,73,61,98,78,74,71,3,7,0,0,4,4,51,26,23,19,110,28,30,30,38
UTOA,21,20,16,18,17,16,108,109,59,60,62,179,25,34,31,35,24,37,30,,37,37,62,141,6,11,11,47,3,113,33,33,62,48,48,48,36,30,16,16,40,18,52,53,19,40,16,17,27,33,9,28,27,49,73,76,74,68,30,28,27,25,60,141,42,116,117,45,43,12,10,91,154,48,47,9,11,24,14,15,40,48,48,48,21,17,29,30,32,34,26,77,19,38,33,126,36,56,159,48,98,43,48,49,47,45,44,46,47,47,52,154,154,13,75,49,48,40,61,61,98,60,61,68,2,5,0,0,3,4,51,26,23,16,104,28,30,23,35
UTVR,25,23,17,22,18,17,119,121,65,60,68,228,30,40,36,38,29,44,37,,40,40,90,141,10,13,13,62,5,128,34,34,60,68,46,46,34,27,25,18,38,24,69,56,17,46,19,21,30,36,13,39,34,67,80,84,74,67,33,30,25,29,80,141,38,128,130,59,58,12,11,99,154,47,44,7,8,28,19,20,51,46,46,46,24,14,25,27,32,33,29,77,25,42,36,139,33,55,159,64,106,47,58,57,52,44,43,45,62,61,51,154,154,14,76,66,64,41,69,57,96,74,70,75,1,3,4,3,0,1,48,29,26,17,114,31,33,34,34
UTZA,25,24,17,19,18,17,108,108,59,60,61,181,30,38,35,40,28,41,34,,42,42,58,140,8,15,15,51,6,113,33,33,61,47,47,47,34,27,18,18,38,22,56,57,15,40,20,21,31,37,10,32,31,53,73,76,74,68,30,28,23,30,56,140,37,115,117,49,47,13,13,91,153,44,43,5,7,24,17,19,44,46,46,46,25,13,24,26,33,34,30,78,23,38,37,125,32,56,158,47,98,42,47,49,47,45,44,46,47,47,52,153,153,14,75,53,52,40,57,57,94,56,57,68,3,1,4,4,1,0,47,30,27,17,104,32,34,27,31
VGA,72,71,54,55,55,54,121,121,77,77,79,213,76,84,81,86,74,87,80,,88,88,36,147,52,60,60,94,52,122,60,59,73,55,57,57,37,27,61,60,43,68,101,101,32,58,66,67,78,83,53,79,78,98,89,91,90,82,56,54,25,76,27,147,9,123,125,92,91,54,55,104,159,3,4,42,40,57,63,64,89,51,54,54,72,34,23,22,58,58,77,93,69,57,84,133,15,67,162,58,111,60,62,64,64,62,61,63,59,60,64,159,159,54,90,97,95,65,18,19,58,23,20,85,49,46,51,51,48,47,0,77,74,54,118,78,81,74,16
VSPA,5,6,33,35,33,33,116,117,71,72,73,171,1,7,5,9,3,11,4,,11,11,81,151,28,17,17,23,27,123,48,48,65,58,57,57,54,53,26,27,56,16,26,28,46,47,17,16,4,7,28,3,2,25,83,87,84,68,37,36,53,5,82,151,67,126,128,22,20,24,23,101,164,74,73,35,37,39,19,18,15,60,58,58,10,43,55,56,39,40,4,75,15,45,7,135,62,62,170,56,107,49,54,54,52,51,50,51,55,55,58,164,164,31,86,25,24,53,85,84,124,83,84,79,28,31,26,26,29,30,77,0,7,26,112,4,4,7,61
VTBR,6,6,27,28,27,27,109,110,64,64,66,166,7,13,10,15,6,17,8,,17,17,82,143,23,16,16,30,23,116,41,41,70,61,60,60,55,52,20,20,57,9,33,34,42,51,11,9,5,12,23,7,7,31,76,80,77,73,40,39,50,3,81,143,64,119,121,29,27,24,22,93,157,71,70,32,34,32,13,12,22,62,61,61,3,40,51,53,42,43,4,81,8,48,12,128,59,66,162,59,100,52,58,58,56,55,53,55,59,58,62,157,157,25,78,31,31,46,83,83,119,82,83,72,25,28,23,23,26,27,74,7,0,27,105,6,9,0,58
WD,31,21,32,37,32,32,134,136,80,76,83,243,36,46,42,34,35,50,43,,35,35,90,156,25,19,11,66,19,143,49,49,46,51,34,34,28,28,40,30,30,39,75,47,34,29,26,27,29,32,28,45,40,71,95,99,89,52,16,13,42,28,97,156,45,143,145,63,64,4,6,114,170,64,51,24,25,43,34,35,57,35,35,35,27,25,35,36,17,18,28,61,40,25,32,154,41,41,175,47,121,30,41,40,35,30,29,31,45,44,38,170,170,28,91,70,68,56,86,59,107,91,87,90,16,20,19,16,17,17,54,26,27,0,129,29,30,47,51
WDN,137,110,88,92,87,88,5,7,49,45,46,180,134,137,133,117,135,141,132,,119,119,184,39,104,125,111,159,101,14,71,71,165,180,150,150,134,122,101,90,140,113,166,133,131,158,98,98,109,114,101,130,130,164,34,30,31,172,145,142,135,107,174,39,114,19,21,156,155,116,114,15,52,141,115,121,122,98,108,109,148,149,150,150,103,104,105,107,137,138,108,181,114,154,114,30,110,160,58,176,8,159,170,169,164,149,148,150,174,173,156,52,52,91,30,163,161,64,163,137,108,168,164,39,113,117,110,104,114,104,118,112,105,129,0,110,112,123,144
WGMO,7,8,33,34,33,33,114,115,69,70,71,167,4,7,4,9,5,11,2,,11,11,84,148,28,19,19,25,28,120,47,46,69,61,61,61,57,56,25,26,59,15,27,28,47,51,17,15,1,6,29,1,2,26,81,85,82,71,41,40,55,3,84,148,69,124,125,24,21,27,25,98,161,75,75,37,39,38,19,18,17,63,62,62,9,45,56,57,42,43,2,78,14,49,6,133,63,65,167,60,105,52,58,58,56,54,53,55,59,58,62,161,161,31,83,26,25,51,87,87,124,85,86,77,29,33,28,28,31,32,78,4,6,29,110,0,3,5,62
WGMW,9,10,36,37,36,36,117,117,72,73,74,168,5,3,1,6,7,8,1,,8,8,85,151,31,21,21,22,31,123,50,50,68,62,61,61,58,58,29,30,60,18,23,25,50,51,20,19,4,3,32,2,3,22,84,88,85,70,41,40,58,6,86,151,72,127,128,21,18,28,27,101,164,78,77,39,41,41,22,21,13,64,62,62,12,47,59,60,42,44,5,77,17,49,3,136,66,65,170,60,108,52,57,58,56,54,53,55,59,58,62,164,164,34,86,22,22,55,89,89,127,87,88,80,32,35,30,30,33,34,81,4,9,30,112,3,0,9,65
WP,16,6,28,31,27,28,128,130,74,65,77,237,11,14,10,14,12,18,9,,17,17,124,144,36,28,16,36,23,137,42,41,70,98,60,60,55,52,22,21,57,10,43,33,51,76,11,10,5,11,34,7,7,41,89,93,77,73,63,60,59,3,114,144,65,137,139,33,32,24,23,108,157,81,70,41,42,37,15,14,25,62,61,61,3,40,52,53,42,43,4,80,9,72,12,148,59,66,163,94,115,77,88,87,82,55,53,55,92,91,62,157,157,25,79,40,38,46,103,83,119,108,104,84,33,37,30,23,34,27,74,7,0,47,123,5,9,0,68
ZBM,59,55,38,56,39,38,149,151,99,66,102,262,64,74,70,70,63,78,71,,72,72,56,141,44,47,44,96,35,144,46,45,67,67,50,50,30,17,59,44,37,58,103,86,17,80,49,51,62,68,47,73,68,101,110,114,80,76,67,64,9,60,46,141,7,139,141,93,92,39,40,129,154,13,12,27,26,62,53,54,85,46,48,48,56,18,7,5,47,47,61,87,59,76,68,150,1,61,157,71,136,81,77,78,83,54,53,54,73,74,57,154,154,38,81,100,98,51,35,31,68,40,36,109,35,31,38,35,34,31,16,61,58,51,144,62,65,68,0
